domain,miner_ip
2miners.com,104.26.4.192
51pool.online,95.217.197.180
ae.2miners.com,162.19.139.120
aeon.miner.rocks,188.165.198.144
aeon.minercountry.com,52.86.6.113
aergo.eu.mine.zpool.ca,188.165.24.209
aergo.jp.mine.zpool.ca,198.50.168.213
aergo.na.mine.zpool.ca,198.50.168.213
ahamay.net,91.134.179.251
aikapool.com,37.26.136.250
aionmine.org,144.76.40.59
aka.2miners.com,162.19.139.120
akroma.wattpool.net,192.99.244.230
allium.asia.mine.zergpool.com,51.79.251.11
allium.eu.mine.zpool.ca,188.165.24.209
allium.jp.mine.zpool.ca,198.50.168.213
allium.mine.zergpool.com,103.249.70.7
allium.na.mine.zpool.ca,198.50.168.213
americas.blake2s.mining-dutch.nl,192.95.53.36
americas.equihash.mining-dutch.nl,192.95.53.35
americas.groestl.mining-dutch.nl,192.95.53.36
americas.kawpow.mining-dutch.nl,192.95.53.34
americas.keccak.mining-dutch.nl,192.95.53.36
americas.lyra2rev2.mining-dutch.nl,192.95.53.36
americas.myrgro.mining-dutch.nl,192.95.53.36
americas.neoscrypt.mining-dutch.nl,192.95.53.36
americas.quark.mining-dutch.nl,192.95.53.36
americas.qubit.mining-dutch.nl,192.95.53.36
americas.scrypt.mining-dutch.nl,192.95.53.36
americas.sha256.mining-dutch.nl,192.95.53.36
americas.skein.mining-dutch.nl,192.95.53.36
americas.tribus.mining-dutch.nl,192.95.53.35
americas.x11.mining-dutch.nl,192.95.53.36
americas.x11gost.mining-dutch.nl,54.38.64.46
americas.yescrypt.mining-dutch.nl,192.95.53.35
americas.yescryptr16.mining-dutch.nl,192.95.53.35
americas.yescryptr32.mining-dutch.nl,192.95.53.35
americas.yespower.mining-dutch.nl,192.95.53.35
americas.yespowerr16.mining-dutch.nl,192.95.53.35
anon.2miners.com,162.19.139.181
anon.altpool.pro,54.36.51.140
ap-01.miningrigrentals.com,172.104.181.35
ap-nodes.mainnet.beam.mw,3.1.37.246
ap.luckpool.net,139.99.123.225
ap.nimpool.io,18.136.49.161
api.bsod.pw,51.178.17.230
arctichash.na.mine.zpool.ca,198.50.168.213
argon2.minercountry.com,34.205.242.146
argon2d-dyn.asia.mine.zergpool.com,51.79.251.11
argon2d-dyn.eu.mine.zergpool.com,141.95.55.97
argon2d-dyn.eu.mine.zpool.ca,188.165.24.209
argon2d-dyn.jp.mine.zpool.ca,198.50.168.213
argon2d-dyn.mine.zergpool.com,103.249.70.7
argon2d-dyn.na.mine.zergpool.com,149.56.111.148
argon2d-dyn.na.mine.zpool.ca,198.50.168.213
argon2d250.asia.mine.zergpool.com,51.79.251.11
argon2d250.eu.mine.zergpool.com,141.95.55.97
argon2d250.mine.zergpool.com,103.249.70.7
argon2d4096.asia.mine.zergpool.com,51.79.251.11
argon2d4096.eu.mine.zergpool.com,141.95.55.97
argon2d4096.eu.mine.zpool.ca,188.165.24.209
argon2d4096.mine.zergpool.com,103.249.70.7
argon2d4096.na.mine.zpool.ca,198.50.168.213
argon2d500.eu.mine.zpool.ca,188.165.24.209
argon2d500.na.mine.zpool.ca,198.50.168.213
arms01.p2poolmining.us,108.61.205.5
arq.pool.gntl.co.uk,82.69.122.59
arrow.dapool.io,198.100.144.29
arrr-eu.luxor.tech,35.202.11.182
arrr-us.luxor.tech,35.202.11.182
arrr.luxor.tech,34.107.188.7
as1-zil.shardpool.io,35.71.164.4
asia-ae.2miners.com,162.19.139.120
asia-beam.2miners.com,51.79.229.21
asia-btg.2miners.com,139.99.123.157
asia-ckb.2miners.com,51.79.229.21
asia-clo.2miners.com,162.19.139.120
asia-etc.2miners.com,51.79.229.232
asia-eth.2miners.com,51.195.88.15
asia-grin.2miners.com,162.19.139.184
asia-rvn.2miners.com,51.79.229.21
asia-solo-ae.2miners.com,162.19.139.120
asia-solo-btg.2miners.com,51.79.229.21
asia-solo-etc.2miners.com,51.79.229.232
asia-solo-eth.2miners.com,51.195.88.16
asia-solo-rvn.2miners.com,51.79.229.21
asia-xzc.2miners.com,139.99.49.249
asia-zec.2miners.com,139.99.123.157
asia.aionpool.tech,168.119.146.54
asia.blake2s.mining-dutch.nl,139.99.51.164
asia.bsod.pw,139.99.97.21
asia.cryptonight-hub.miningpoolhub.com,45.77.150.66
asia.equihash-hub.miningpoolhub.com,45.77.150.66
asia.equihash.mining-dutch.nl,139.99.51.163
asia.equihub.pro,15.235.160.187
asia.ethash-hub.miningpoolhub.com,45.77.150.66
asia.expmine.pro,103.224.212.219
asia.ezil.me,51.79.176.93
asia.frostypool.com,104.238.150.114
asia.groestl.mining-dutch.nl,139.99.51.164
asia.kawpow-hub.miningpoolhub.com,66.42.40.195
asia.keccak.mining-dutch.nl,139.99.51.164
asia.lyra2rev2.mining-dutch.nl,139.99.51.164
asia.lyra2z.mining-dutch.nl,139.99.51.160
asia.mecrypto.club,194.233.71.75
asia.myrgro.mining-dutch.nl,139.99.51.164
asia.neoscrypt.mining-dutch.nl,139.99.51.164
asia.phi2.mining-dutch.nl,139.99.51.163
asia.quark.mining-dutch.nl,139.99.51.164
asia.qubit.mining-dutch.nl,139.99.51.164
asia.randomx-hub.miningpoolhub.com,45.77.150.66
asia.ravenminer.com,130.162.153.207
asia.scrypt.mining-dutch.nl,139.99.51.164
asia.sha256.mining-dutch.nl,139.99.51.164
asia.siamining.com,172.104.84.180
asia.skein.mining-dutch.nl,139.99.51.164
asia.tribus.mining-dutch.nl,139.99.51.163
asia.x11.mining-dutch.nl,139.99.51.164
asia.x11gost.mining-dutch.nl,54.38.64.46
asia.yescrypt.mining-dutch.nl,139.99.51.163
asia.yescryptr16.mining-dutch.nl,139.99.51.163
asia.yescryptr32.mining-dutch.nl,139.99.51.163
asia.yespower.mining-dutch.nl,139.99.51.163
asia.yespowerr16.mining-dutch.nl,139.99.51.163
asia1-beam.flypool.org,34.102.152.90
asia1-etc.ethermine.org,51.195.60.75
asia1.ethermine.ga,103.153.74.103
aspac-etc.hiveon.net,172.65.222.14
aspac1-etc.hiveon.net,51.79.159.104
aspac1-eth.hiveon.net,34.90.112.127
astralhash.eu.mine.zpool.ca,188.165.24.209
astralhash.na.mine.zpool.ca,198.50.168.213
atheios.wattpool.net,167.114.169.117
au-01.miningrigrentals.com,139.180.175.143
axe.antpool.com,8.129.12.192
b4c.f2pool.com,18.159.238.47
baikalmine.com,185.178.208.145
bbc01.bbcpool.io,54.241.203.241
bbr.luckypool.io,51.91.29.107
bbscoin.my-mining-pool.de,144.76.26.181
bcd.eu.mine.zpool.ca,188.165.24.209
bcd.jp.mine.zpool.ca,198.50.168.213
bcd.mine.blazepool.com,3.64.163.50
bcd.na.mine.zpool.ca,198.50.168.213
bcd.sea.mine.zpool.ca,198.50.168.213
bch.ukrpool.com,18.193.26.129
bch.viabtc.com,172.65.249.47
bch.viabtc.top,172.65.251.107
bci.suprnova.cc,54.37.81.148
bcn.pool.minergate.com,88.99.142.163
bcx.vvpool.com,203.107.32.162
beam-asia.leafpool.com,206.189.151.227
beam-eu.leafpool.com,142.93.134.95
beam-us.leafpool.com,104.217.251.70
beam.2miners.com,162.19.139.120
beam.acepool.top,51.79.70.231
beam.antpool.com,47.107.12.109
beam.leafpool.com,172.67.212.42
beam.sparkpool.com,203.107.33.230
beam.sunpool.top,195.201.121.246
beam.suprnova.cc,45.55.72.65
beamv3.br.nicehash.com,34.111.56.74
beamv3.eu.nicehash.com,34.111.56.74
beamv3.hk.nicehash.com,34.111.56.74
beamv3.in.nicehash.com,34.111.56.74
beamv3.jp.nicehash.com,34.111.56.74
beamv3.usa.nicehash.com,34.111.56.74
bestminer.eu,199.59.243.223
bibop.net,104.21.67.193
binarium-v1.eu.mine.zpool.ca,188.165.24.209
binarium-v1.jp.mine.zpool.ca,198.50.168.213
binarium-v1.na.mine.zpool.ca,198.50.168.213
bitcoin.viabtc.com,172.65.205.242
bitcoin.viabtc.top,172.65.223.122
bitcore.asia.mine.zergpool.com,103.249.70.7
bitcore.eu.mine.zpool.ca,188.165.24.209
bitcore.jp.mine.zpool.ca,198.50.168.213
bitcore.mine.zergpool.com,103.249.70.7
bitcore.na.mine.zpool.ca,198.50.168.213
bittubecash.miner.rocks,188.165.198.144
blake2b.asia.mine.zergpool.com,51.79.251.11
blake2b.eu.mine.zpool.ca,188.165.24.209
blake2b.mine.zergpool.com,103.249.70.7
blake2b.na.mine.zpool.ca,198.50.168.213
blake2s.asia.mine.zergpool.com,51.79.251.11
blake2s.br.nicehash.com,34.111.253.192
blake2s.eu.mine.zpool.ca,188.165.24.209
blake2s.eu.nicehash.com,34.111.253.192
blake2s.hk.nicehash.com,34.111.253.192
blake2s.in.nicehash.com,34.111.253.192
blake2s.jp.mine.zpool.ca,198.50.168.213
blake2s.jp.nicehash.com,34.111.253.192
blake2s.mine.blazepool.com,3.64.163.50
blake2s.mine.zergpool.com,103.249.70.7
blake2s.mining-dutch.nl,51.178.75.42
blake2s.na.mine.zpool.ca,198.50.168.213
blake2s.pool.atomminer.com,173.82.173.62
blake2s.sea.mine.zpool.ca,198.50.168.213
blake2s.usa.nicehash.com,34.111.253.192
blakecoin.eu.mine.zpool.ca,188.165.24.209
blockmasters.co,149.56.23.23
bmw512.asia.mine.zergpool.com,51.79.251.11
bmw512.eu.mine.zergpool.com,141.95.55.97
bmw512.eu.mine.zpool.ca,188.165.24.209
bmw512.mine.zergpool.com,103.249.70.7
bmw512.na.mine.zpool.ca,198.50.168.213
bs.poolbinance.com,99.83.184.202
bsod.pw,172.67.197.194
bsv.ukrpool.com,8.209.81.41
btc-eu.f2pool.com,172.65.217.174
btc-eu.luxor.tech,35.202.11.182
btc-mow.f2pool.com,172.65.199.69
btc-us.f2pool.com,172.65.202.250
btc-us.luxor.tech,35.202.11.182
btc.blockwarepool.com,104.21.73.242
btc.f2pool.com,172.65.217.174
btc.luxor.tech,35.244.212.109
btc.ss.poolin.com,172.65.253.87
btc.trustpool.ru,162.62.3.29
btc.ukrpool.com,3.65.178.51
btc.viabtc.com,172.65.233.152
btc.viabtc.top,172.65.253.106
btcp.2miners.com,162.19.139.120
btcp.suprnova.cc,54.37.81.148
btcv.gomine.pro,103.224.212.221
btcz.2miners.com,162.19.139.120
btcz.altpool.pro,37.187.226.146
btcz.suprnova.cc,147.135.220.159
btg.2miners.com,162.19.139.181
btg.hashcity.org,138.201.198.155
btg.pool.gold,99.83.153.108
btg.suprnova.cc,145.239.0.50
bth.altpool.pro,37.187.226.146
bze.pcmining.xyz,18.185.240.102
c11.asia.mine.zergpool.com,51.79.251.11
c11.eu.mine.zpool.ca,188.165.24.209
c11.jp.mine.zpool.ca,198.50.168.213
c11.mine.zergpool.com,103.249.70.7
c11.na.mine.zpool.ca,198.50.168.213
ca-qrl.miningocean.org,51.222.12.70
ca-tor01.miningrigrentals.com,155.138.134.202
ca-upx.miningocean.org,51.222.12.70
ca.conceal.herominers.com,141.95.126.31
ca.haven.herominers.com,141.95.126.31
ca.haven.miner.rocks,167.114.208.25
ca.monero.herominers.com,141.95.126.31
ca.rvn.minermore.com,155.138.150.133
ca.scala.herominers.com,141.95.126.31
ca.stratu.ms,68.183.195.129
ca.stratum.slushpool.com,167.99.184.249
cash-eu.coinmine.pl,217.182.138.7
cash.coinmine.pl,217.182.138.7
cfx-eu.ss.poolflare.net,168.119.79.208
cfx-us.ss.poolflare.net,192.99.233.13
cfx.ss.poolflare.net,13.215.188.210
champmine.de,185.53.177.53
chi.f2pool.com,47.109.19.205
chicago01.hashvault.pro,142.202.242.45
ckb.2miners.com,162.19.139.119
ckb.antpool.com,47.242.196.19
ckb.f2pool.com,172.65.199.69
ckb.sparkpool.com,203.107.33.230
ckb.stratum.hashpool.com,39.107.217.77
clo.2miners.com,162.19.139.120
clopool.pro,150.95.255.38
cluster.aionpool.tech,168.119.146.54
cmm-eu.coinblockers.com,103.214.5.103
cmra.miningpool.fun,3.143.54.106
coinotron.com,51.210.32.161
coins4u.cc,184.190.233.217
comining.io,104.21.95.136
conceal.herominers.com,141.95.126.31
conceal.miner.rocks,188.165.198.144
connect.pool.bitcoin.com,47.88.91.129
coolpool.top,89.232.109.242
cpacoin.my-mining-pool.de,144.76.26.181
cpu-pool.com,185.185.70.244
cpupower.asia.mine.zergpool.com,51.79.251.11
cpupower.eu.mine.zergpool.com,141.95.55.97
cpupower.eu.mine.zpool.ca,188.165.24.209
cpupower.mine.zergpool.com,103.249.70.7
crypit.net,67.227.226.240
cryptonightr.br.nicehash.com,34.111.86.137
cryptonightr.eu.nicehash.com,34.111.86.137
cryptonightr.hk.nicehash.com,34.111.86.137
cryptonightr.in.nicehash.com,34.111.86.137
cryptonightr.jp.nicehash.com,34.111.86.137
cryptonightr.usa.nicehash.com,34.111.86.137
cryptonote.club,31.131.20.36
cryptonote.social,75.144.254.101
ctxc.2miners.com,162.19.139.181
cuckoo.cortexmint.com,39.107.213.229
cuckoocycle.br.nicehash.com,35.244.231.52
cuckoocycle.eu.nicehash.com,35.244.231.52
cuckoocycle.hk.nicehash.com,35.244.231.52
cuckoocycle.in.nicehash.com,35.244.231.52
cuckoocycle.jp.nicehash.com,35.244.231.52
cuckoocycle.usa.nicehash.com,35.244.231.52
daggerhashimoto.br.nicehash.com,34.149.10.66
daggerhashimoto.eu.nicehash.com,34.149.10.66
daggerhashimoto.hk.nicehash.com,34.149.10.66
daggerhashimoto.in.nicehash.com,34.149.10.66
daggerhashimoto.jp.nicehash.com,34.149.10.66
daggerhashimoto.usa.nicehash.com,34.149.10.66
dash-asia.luxor.tech,35.202.11.182
dash-eu.luxor.tech,35.202.11.182
dash.coinmine.pl,217.182.138.7
dash.f2pool.com,8.217.23.131
dash.ss.poolin.com,172.65.235.96
dash.suprnova.cc,217.182.199.85
dbix.hashcity.org,138.201.198.155
dbix.pool.sexy,159.69.56.113
dcr-eu.coinmine.pl,217.182.138.7
dcr-eu.luxor.tech,35.202.11.182
dcr-us.coinmine.pl,217.182.138.7
dcr-us.luxor.tech,35.202.11.182
dcr.antpool.com,8.210.145.80
dcr.coinmine.pl,217.182.138.7
dcr.f2pool.com,47.243.129.95
dcr.ss.poolin.com,16.162.128.244
de.ckpool.org,51.81.56.15
de.equihash.pro,23.91.82.154
de.stratu.ms,134.122.86.59
de01.supportxmr.com,141.95.72.61
de02.supportxmr.com,141.95.72.60
decred.br.nicehash.com,34.111.72.227
decred.eu.mine.zpool.ca,188.165.24.209
decred.eu.nicehash.com,34.111.72.227
decred.hk.nicehash.com,34.111.72.227
decred.in.nicehash.com,34.111.72.227
decred.jp.mine.zpool.ca,198.50.168.213
decred.jp.nicehash.com,34.111.72.227
decred.na.mine.zpool.ca,198.50.168.213
decred.usa.nicehash.com,34.111.72.227
dedal.eu.mine.zpool.ca,188.165.24.209
defis-us.ravepool.com,138.197.221.255
dero.antpool.com,47.107.15.105
dero.miner.rocks,188.165.198.144
dero.ss.dxpool.com,35.76.39.213
dgb-odocrypt.f2pool.com,47.243.167.207
dgb-scrypt.f2pool.com,47.243.167.207
dgb-sha256d.f2pool.com,47.243.167.207
dgbo.suprnova.cc,5.9.193.22
dgbq.suprnova.cc,5.9.193.22
dgbs.suprnova.cc,54.37.81.148
dig.wazn.io,157.90.229.215
digihash.co,52.10.44.115
dlinodes.com,108.161.219.201
donate.v2.xmrig.com,199.247.27.41
duckiepool.com,20.193.89.74
dvt.gomine.pro,103.224.212.221
dxpool.com,3.115.202.189
dyn.suprnova.cc,145.239.0.126
eaglesong.eu.nicehash.com,34.111.115.126
eaglesong.hk.nicehash.com,34.111.115.126
eaglesong.usa.nicehash.com,34.111.115.126
east.us.rvn.minermore.com,104.156.227.248
eccak.na.mine.zpool.ca,198.50.168.213
egem-esoteria.icanmining.ru,185.178.208.137
egem-eu.upool.in,199.59.243.223
egem-us.upool.in,199.59.243.223
egem.digipools.org,45.43.30.3
egem.protonmine.com,204.11.56.48
ella.2miners.com,162.19.139.182
ella.digipools.org,45.43.30.4
ella.pool.sexy,159.69.56.113
em.huobipool.com,47.89.180.253
emc2.suprnova.cc,145.239.0.106
equihash.asia.mine.zergpool.com,51.79.251.11
equihash.br.nicehash.com,35.244.175.27
equihash.eu.mine.zergpool.com,141.95.55.97
equihash.eu.mine.zpool.ca,188.165.24.209
equihash.eu.nicehash.com,35.244.175.27
equihash.f2pool.com,18.139.133.227
equihash.hk.nicehash.com,35.244.175.27
equihash.in.nicehash.com,35.244.175.27
equihash.jp.mine.zpool.ca,198.50.168.213
equihash.jp.nicehash.com,35.244.175.27
equihash.luxor.tech,34.98.72.143
equihash.mine.zergpool.com,103.249.70.7
equihash.mining-dutch.nl,51.178.179.75
equihash.na.mine.zergpool.com,149.56.111.148
equihash.na.mine.zpool.ca,198.50.168.213
equihash.sea.mine.zpool.ca,198.50.168.213
equihash.usa.nicehash.com,35.244.175.27
equihash125.asia.mine.zergpool.com,51.79.251.11
equihash125.eu.mine.zergpool.com,141.95.55.97
equihash125.mine.zergpool.com,103.249.70.7
equihash125.na.mine.zergpool.com,149.56.111.148
equihash125.na.mine.zpool.ca,198.50.168.213
equihash144.asia.mine.zergpool.com,51.79.251.11
equihash144.eu.mine.zergpool.com,141.95.55.97
equihash144.eu.mine.zpool.ca,188.165.24.209
equihash144.jp.mine.zpool.ca,198.50.168.213
equihash144.mine.zergpool.com,103.249.70.7
equihash144.na.mine.zergpool.com,149.56.111.148
equihash144.na.mine.zpool.ca,198.50.168.213
equihash144.sea.mine.zpool.ca,198.50.168.213
equihash192.asia.mine.zergpool.com,51.79.251.11
equihash192.eu.mine.zergpool.com,141.95.55.97
equihash192.eu.mine.zpool.ca,188.165.24.209
equihash192.jp.mine.zpool.ca,198.50.168.213
equihash192.mine.zergpool.com,103.249.70.7
equihash192.na.mine.zergpool.com,149.56.111.148
equihash192.na.mine.zpool.ca,198.50.168.213
equihash192.sea.mine.zpool.ca,198.50.168.213
equihash96.eu.mine.zpool.ca,188.165.24.209
equihash96.na.mine.zpool.ca,198.50.168.213
es.huobipool.com,8.136.41.145
etc-solo.baikalmine.com,89.108.117.245
etc-solo.wattpool.net,167.86.107.32
etc.2miners.com,141.95.124.99
etc.altpool.pro,37.187.226.146
etc.baikalmine.com,89.108.117.245
etc.coolpool.top,89.232.109.242
etc.digipools.org,45.43.30.3
etc.ethashpool.com,35.183.200.119
etc.ethermine.org,104.21.39.175
etc.f2pool.com,172.65.197.4
etc.hashcity.org,138.201.198.155
etc.pool.minergate.com,46.4.119.209
etc.pool.zet-tech.eu,95.217.117.31
etc.solomine.org,104.21.59.21
etcturk.com,188.132.174.88
eth-asia1.hellominer.com,20.212.212.80
eth-au.dwarfpool.com,127.0.0.1
eth-cn.dwarfpool.com,127.0.0.1
eth-esoteria.icanmining.ru,80.66.80.221
eth-eu.dwarfpool.com,127.0.0.1
eth-eu.f2pool.com,172.65.212.50
eth-eu.sparkpool.com,172.65.233.185
eth-eu1.hellominer.com,52.232.17.180
eth-na.f2pool.com,172.65.212.50
eth-solo.wattpool.net,167.86.74.33
eth-us.dwarfpool.com,127.0.0.1
eth-us.f2pool.com,172.65.212.50
eth-us1.hellominer.com,52.224.9.152
eth.2miners.com,51.195.88.15
eth.altpool.pro,141.95.3.13
eth.digipools.org,45.43.30.3
eth.ethashpool.com,35.183.200.119
eth.f2pool.com,172.65.212.50
eth.hashcity.org,138.201.198.155
eth.hiveon.net,34.90.112.127
eth.miningfrance.io,82.64.110.249
eth.pool-moscow.ru,81.91.189.51
eth.pool.minergate.com,78.46.49.222
eth.pool.zet-tech.eu,95.217.117.31
eth.ss.poolin.com,172.65.223.165
eth.ukrpool.com,18.142.208.193
eth.viabtc.top,172.65.217.224
ethash-eu.unmineable.com,138.68.130.227
ethash-us.unmineable.com,174.138.53.224
ethash.asia.mine.zergpool.com,51.79.251.11
ethash.eu.mine.zergpool.com,141.95.55.97
ethash.mine.zergpool.com,103.249.70.7
ethash.na.mine.zergpool.com,149.56.111.148
ethash.tron-mining.com,138.68.130.227
ethash.unmineable.com,138.68.130.227
ether1-solo.wattpool.net,149.56.143.200
ether1.weeminepool.com,142.44.216.170
ethereum.trustpool.ru,18.158.132.28
ethermine.org,104.21.39.175
etho-eu.upool.in,199.59.243.223
etho-us.upool.in,199.59.243.223
etho.pool.sexy,159.69.56.113
etho.upool.in,199.59.243.223
ethv2-eu.f2pool.com,172.65.212.50
etnx.pool-pay.com,176.9.119.47
etp.2miners.com,162.19.139.119
etp.dodopool.com,52.31.129.74
etp.sandpool.org,81.171.28.45
eu-01.miningrigrentals.com,188.166.37.58
eu-bch.ss.btc.com,13.248.151.222
eu-de01.miningrigrentals.com,188.166.161.62
eu-de02.miningrigrentals.com,165.227.153.169
eu-etc.hiveon.net,172.65.222.14
eu-eth.hiveon.net,34.90.112.127
eu-mine.smartcash.cc,104.237.10.164
eu-pool.wienchain.com,3.127.21.66
eu-ru01.miningrigrentals.com,91.210.105.199
eu-solo-zel.zellabs.net,78.46.178.183
eu-west-stratum.grinmint.com,35.181.13.143
eu-xsg.equihub.pro,65.108.45.36
eu-zcl.equihub.pro,65.108.45.36
eu-zel.equihub.pro,65.108.45.36
eu-zel.zellabs.net,95.216.172.217
eu-zer.equihub.pro,65.108.45.36
eu-zero.equihub.pro,65.108.45.36
eu-zil.rustpool.xyz,52.49.70.187
eu.aionpool.tech,168.119.146.54
eu.altpool.eu,54.37.167.74
eu.bsod.pw,77.87.212.10
eu.btcprivate.pro,103.224.212.219
eu.btgpool.pro,37.187.226.146
eu.crazypool.org,95.179.161.157
eu.daxminer.com,74.220.199.6
eu.emcd.io,142.132.247.142
eu.equihub.pro,65.108.45.36
eu.etc.ezil.me,51.195.104.49
eu.expmine.pro,103.224.212.219
eu.ezil.me,51.89.41.153
eu.frostypool.com,51.91.56.176
eu.gethash.cc,103.224.212.220
eu.gos.cx,217.107.104.150
eu.luckpool.net,79.137.70.48
eu.mecrypto.club,194.163.137.179
eu.nimpool.io,35.158.223.21
eu.pool.ms,68.183.74.40
eu.poolmine.xyz,64.225.91.73
eu.ravenminer.com,116.202.110.85
eu.rig.tokyo,178.21.10.83
eu.rito.minermore.com,149.28.243.131
eu.rvn.minermore.com,136.244.92.193
eu.rvnsolo.k1pool.com,51.210.219.138
eu.sandbox.pool.ms,68.183.74.40
eu.shpool.net,172.67.130.206
eu.siamining.com,139.162.187.240
eu.ss.btc.com,172.65.222.110
eu.ss.dpool.top,199.59.150.13
eu.stratum.slushpool.com,128.199.55.158
eu.ubiqpool.io,46.101.181.185
eu1-3g.whalesburg.com,127.0.0.1
eu1-beam.flypool.org,34.102.152.90
eu1-etc.ethermine.org,51.195.60.75
eu1-zil.shardpool.io,75.2.55.61
eu1.bsod.pw,77.87.212.10
eu1.equihub.pro,65.108.45.36
eu1.ethermine.ga,103.153.74.103
eu1.fairpool.pro,82.192.82.226
eu1.hellominer.com,52.232.17.180
eu1.ltc.sigmapool.com,18.192.32.74
eu1.mastermining.net,77.239.54.198
eu1.whalesburg.com,127.0.0.1
eu1.zhash.pro,161.97.153.203
eu2-zil.rustpool.xyz,18.202.2.148
eu2.emcd.io,49.12.219.118
eu2.whalesburg.com,127.0.0.1
eupool.sinovate.io,167.86.70.134
eurocdy.pool.awmlite.com,130.185.249.132
europe.cryptonight-hub.miningpoolhub.com,66.42.40.195
europe.dgb256.online,217.182.84.205
europe.equihash-hub.miningpoolhub.com,66.42.40.195
europe.ethash-hub.miningpoolhub.com,45.77.150.66
europe.kawpow-hub.miningpoolhub.com,45.77.150.66
europe.lyra2z-hub.miningpoolhub.com,45.77.150.66
europe.randomx-hub.miningpoolhub.com,66.42.40.195
exp-eu.dwarfpool.com,127.0.0.1
exp.2miners.com,162.19.139.119
ezil.me,172.67.28.197
f2pool.com,104.18.3.198
fastepic.eu,88.156.253.31
fastpool.xyz,213.91.128.133
fed.cryptonote.club,184.174.34.42
fenixpool.top,209.141.38.71
fi.haven.herominers.com,141.95.126.31
fr.moneroocean.stream,199.247.0.216
fra.gltminer.com,80.240.29.156
frankfurt01.hashvault.pro,45.76.89.70
freshgarlicblocks.net,64.227.73.65
fullnode.quarkchain.io,209.97.147.80
gap.suprnova.cc,5.9.193.21
gate.emcd.io,5.188.78.232
geo.pool.akroma.eu,213.32.53.176
geo.pool.whalecoin.eu,185.198.70.250
gomine.pro,103.224.212.221
gpuhash.org,104.21.61.226
gpuhot.com,142.234.25.178
graft.ingest.cryptoknight.cc,69.16.230.42
graft.westcoastxmr.ca,207.148.153.11
grimm-eu.ravepool.com,138.197.221.255
grimm-us.ravepool.com,138.197.221.255
grimm.sunpool.top,116.203.132.225
grin-pool.org,185.53.177.52
grin.2miners.com,162.19.139.184
grin.antpool.com,47.112.85.133
grin.pool.minergate.com,136.243.102.154
grin.sparkpool.com,203.107.33.230
grincuckatoo31.eu.nicehash.com,34.111.63.242
grincuckatoo31.hk.nicehash.com,34.111.63.242
grincuckatoo31.usa.nicehash.com,34.111.63.242
grincuckatoo32.eu.nicehash.com,34.111.90.158
grincuckatoo32.hk.nicehash.com,34.111.90.158
grincuckatoo32.usa.nicehash.com,34.111.90.158
groestl.asia.mine.zergpool.com,51.79.251.11
groestl.eu.mine.zpool.ca,188.165.24.209
groestl.jp.mine.zpool.ca,198.50.168.213
groestl.mine.zergpool.com,103.249.70.7
groestl.mining-dutch.nl,54.38.64.46
groestl.na.mine.zpool.ca,198.50.168.213
grs.suprnova.cc,145.239.0.106
gs.poolbinance.com,172.65.217.190
gulf.moneroocean.stream,51.75.64.249
handshake-de.6block.com,8.209.83.152
handshake-us.6block.com,47.88.21.234
handshake.6block.com,149.129.80.119
hathor.acc-pool.pw,162.55.7.43
haven.herominers.com,141.95.126.31
haven.miner.rocks,188.165.198.144
hc.antpool.com,47.112.122.28
hex.eu.mine.zpool.ca,188.165.24.209
hex.jp.mine.zpool.ca,198.50.168.213
hex.na.mine.zpool.ca,198.50.168.213
hk.haven.herominers.com,141.95.126.31
hmq1725.asia.mine.zergpool.com,51.79.251.11
hmq1725.eu.mine.zergpool.com,141.95.55.97
hmq1725.eu.mine.zpool.ca,188.165.24.209
hmq1725.jp.mine.zpool.ca,198.50.168.213
hmq1725.mine.ahashpool.com,3.64.163.50
hmq1725.mine.blazepool.com,3.64.163.50
hmq1725.mine.zergpool.com,103.249.70.7
hmq1725.na.mine.zpool.ca,198.50.168.213
hmq1725.sea.mine.zpool.ca,198.50.168.213
hns.f2pool.com,3.120.155.25
hns.pool.blackminer.com,47.91.170.222
hns.ss.dxpool.com,35.76.39.213
hodl.suprnova.cc,217.182.138.181
honeycomb.eu.mine.zpool.ca,188.165.24.209
honeycomb.na.mine.zpool.ca,198.50.168.213
hub.miningpoolhub.com,45.77.150.66
hush.2miners.com,162.19.139.182
hush.suprnova.cc,147.135.220.159
icemining.ca,172.67.71.15
in.stratu.ms,134.209.156.206
infinity.ultranote.org,207.244.228.24
italo.ingest.cryptoknight.cc,69.16.230.42
italo.network,104.251.217.80
jeonghash.eu.mine.zpool.ca,188.165.24.209
jp-01.miningrigrentals.com,167.179.76.62
jp.stratum.slushpool.com,13.230.45.4
k12.asia.mine.zergpool.com,51.79.251.11
k12.mine.zergpool.com,103.249.70.7
k12.na.mine.zergpool.com,149.56.111.148
kawpow.asia.mine.zergpool.com,51.79.251.11
kawpow.br.nicehash.com,35.190.124.115
kawpow.eu.mine.zergpool.com,141.95.55.97
kawpow.eu.nicehash.com,35.190.124.115
kawpow.hk.nicehash.com,35.190.124.115
kawpow.in.nicehash.com,35.190.124.115
kawpow.jp.nicehash.com,35.190.124.115
kawpow.mine.zergpool.com,103.249.70.7
kawpow.mining-dutch.nl,54.38.64.112
kawpow.na.mine.zergpool.com,149.56.111.148
kawpow.usa.nicehash.com,35.190.124.115
kda-asia.ss.poolflare.net,139.99.125.226
kda-asia.ss.poolflare.net,45.76.180.119
kda-eu.ss.poolflare.com,217.182.199.123
kda-eu.ss.poolflare.net,51.195.60.157
kda-eu2.ss.poolflare.net,168.119.79.208
kda-us.ss.poolflare.com,192.99.233.13
kda-us.ss.poolflare.net,192.99.233.13
kda.f2pool.com,35.158.35.5
kda.ss.poolflare.com,168.119.79.208
kda.ss.poolflare.net,13.215.188.210
kda.ss.poolflare.net,3.0.35.77
kda.stratum.hashpool.com,47.95.128.206
keccak.asia.mine.zergpool.com,51.79.251.11
keccak.eu.mine.zpool.ca,188.165.24.209
keccak.eu.nicehash.com,34.111.174.176
keccak.hk.nicehash.com,34.111.174.176
keccak.jp.mine.zpool.ca,198.50.168.213
keccak.mine.zergpool.com,103.249.70.7
keccak.mining-dutch.nl,51.178.75.42
keccak.na.mine.zergpool.com,149.56.111.148
keccak.na.mine.zpool.ca,198.50.168.213
keccak.usa.nicehash.com,34.111.174.176
keccakc.asia.mine.zergpool.com,103.249.70.7
keccakc.eu.mine.zpool.ca,188.165.24.209
keccakc.jp.mine.zpool.ca,198.50.168.213
keccakc.mine.zergpool.com,103.249.70.7
keccakc.na.mine.zpool.ca,198.50.168.213
kingsminer.ddnsking.com,174.89.105.161
kp.unmineable.com,178.62.28.102
kreds.suprnova.cc,217.182.138.181
kva.ss.dxpool.com,35.76.39.213
kz.emcd.io,95.143.184.198
lb.geo.egempool.eu,185.198.70.250
lb.geo.pirlpool.eu,185.198.70.250
lb.geo.ubiqpool.org,213.32.53.180
lbc.luxor.tech,34.107.203.102
lbk3.eu.mine.zpool.ca,188.165.24.209
lbk3.jp.mine.zpool.ca,198.50.168.213
lbk3.na.mine.zpool.ca,198.50.168.213
lbry.asia.mine.zergpool.com,51.79.251.11
lbry.eu.mine.zpool.ca,188.165.24.209
lbry.eu.nicehash.com,34.111.210.68
lbry.hk.nicehash.com,34.111.210.68
lbry.jp.mine.zpool.ca,198.50.168.213
lbry.mine.zergpool.com,103.249.70.7
lbry.na.mine.zpool.ca,198.50.168.213
lbry.suprnova.cc,104.248.240.136
lbry.usa.nicehash.com,34.111.210.68
lidonia.com,108.91.11.33
litecoinpool.org,149.210.234.234
ls.huobipool.com,47.91.170.62
ltc-eu.f2pool.com,172.65.249.114
ltc-us.f2pool.com,172.65.202.250
ltc.f2pool.com,172.65.249.114
ltc.pool.minergate.com,94.130.143.162
ltc.ss.poolin.com,172.65.180.210
ltc.viabtc.com,172.65.199.137
ltc.viabtc.top,172.65.204.210
ltz.pcmining.xyz,18.185.29.169
lyra2rev2.eu.nicehash.com,34.111.239.50
lyra2rev2.hk.nicehash.com,34.111.239.50
lyra2rev2.mining-dutch.nl,51.178.75.42
lyra2rev2.usa.nicehash.com,34.111.239.50
lyra2v2.asia.mine.zergpool.com,51.79.251.11
lyra2v2.eu.mine.zpool.ca,188.165.24.209
lyra2v2.jp.mine.zpool.ca,198.50.168.213
lyra2v2.mine.ahashpool.com,3.64.163.50
lyra2v2.mine.blazepool.com,3.64.163.50
lyra2v2.mine.zergpool.com,103.249.70.7
lyra2v2.na.mine.zergpool.com,149.56.111.148
lyra2v2.na.mine.zpool.ca,198.50.168.213
lyra2v3.eu.mine.zpool.ca,188.165.24.209
lyra2v3.jp.mine.zpool.ca,198.50.168.213
lyra2v3.mine.blazepool.com,3.64.163.50
lyra2v3.na.mine.zpool.ca,198.50.168.213
lyra2z.asia.mine.zergpool.com,51.79.251.11
lyra2z.eu.mine.zpool.ca,188.165.24.209
lyra2z.eu.nicehash.com,34.111.48.55
lyra2z.hk.nicehash.com,34.111.48.55
lyra2z.jp.mine.zpool.ca,198.50.168.213
lyra2z.mine.ahashpool.com,3.64.163.50
lyra2z.mine.zergpool.com,103.249.70.7
lyra2z.na.mine.zergpool.com,149.56.111.148
lyra2z.na.mine.zpool.ca,198.50.168.213
lyra2z.usa.nicehash.com,34.111.48.55
lyra2z330.asia.mine.zergpool.com,51.79.251.11
lyra2z330.mine.zergpool.com,103.249.70.7
lyra2z330.na.mine.zergpool.com,149.56.111.148
m7m.asia.mine.zergpool.com,51.79.251.11
m7m.eu.mine.zergpool.com,141.95.55.97
m7m.eu.mine.zpool.ca,188.165.24.209
m7m.jp.mine.zpool.ca,198.50.168.213
m7m.mine.zergpool.com,103.249.70.7
m7m.na.mine.zpool.ca,198.50.168.213
m7m.sea.mine.zpool.ca,198.50.168.213
masari.miner.rocks,188.165.198.144
mastermine.eu,91.195.241.232
mcmpool.eu,176.57.189.38
megabtx.asia.mine.zergpool.com,51.79.251.11
megabtx.eu.mine.zpool.ca,188.165.24.209
megabtx.mine.zergpool.com,103.249.70.7
megamec.asia.mine.zergpool.com,51.79.251.11
megamec.mine.zergpool.com,103.249.70.7
mine-beam-testnet.leafpool.com,5.2.65.14
mine.ahashpool.com,3.64.163.50
mine.arqma.com,54.37.204.95
mine.bittubecash.fairpool.xyz,23.82.12.34
mine.c3pool.com,5.161.50.27
mine.etc.fairpool.xyz,69.162.95.4
mine.loki.fairpool.xyz,37.48.65.136
mine.msr.fairpool.xyz,74.63.241.29
mine.nlpool.nl,136.144.191.173
mine.nuko.fairpool.xyz,82.192.82.225
mine.ryo.fairpool.xyz,69.162.95.4
mine.swap.fairpool.xyz,37.48.65.136
mine.thegrinpool.com,35.183.200.119
mine.wow.fairpool.xyz,185.107.56.194
mine.xhv.fairpool.pw,91.195.241.232
mine.xhv.fairpool.xyz,162.210.199.87
mine.xmrpool.net,141.94.96.195
mine.xrn.fairpool.xyz,185.107.56.194
mine.zano.fairpool.xyz,37.48.65.136
mine.zergpool.com,103.249.70.7
mine.zpool.ca,198.50.168.213
mineit.io,3.64.163.50
minepool.com,15.197.142.173
minepool.online,85.10.199.135
miner-control.de,167.86.116.187
miner.rocks,188.165.198.144
minerpool.net,185.198.70.250
minimizing.net,104.21.40.141
mining.bittube.app,185.82.20.213
mining.bittubeapp.com,185.82.20.213
mining.xpoolx.com,54.37.10.104
miningmadness.com,147.135.70.51
miningpoolhub.com,104.21.19.157
mix-solo.wattpool.net,149.56.143.205
mix.minerpool.net,213.32.53.184
mix.wattpool.net,149.56.12.241
mn.pool-pay.com,213.133.111.29
mng.miningpool.fun,34.233.87.27
moac.2miners.com,162.19.139.181
mona.suprnova.cc,145.239.0.106
monero.herominers.com,141.95.126.31
monerohash.com,107.191.99.221
music.2miners.com,162.19.139.119
mwc.2miners.com,162.19.139.120
mwc.pacificpool.ws,64.70.19.203
my-mining-pool.de,144.76.26.181
myr-gr.asia.mine.zergpool.com,51.79.251.11
myr-gr.eu.mine.zpool.ca,188.165.24.209
myr-gr.jp.mine.zpool.ca,198.50.168.213
myr-gr.mine.zergpool.com,103.249.70.7
myr-gr.na.mine.zpool.ca,198.50.168.213
myrgro.mining-dutch.nl,51.178.75.42
na-etc.hiveon.net,172.65.222.14
na-mwc.pacificpool.ws,64.70.19.203
na.aionpool.tech,168.119.146.54
na.luckpool.net,149.56.27.47
naw-eth.hiveon.net,34.90.112.127
nbr.pool-pay.com,144.76.173.210
neoscrypt.asia.mine.zergpool.com,51.79.251.11
neoscrypt.br.nicehash.com,34.111.146.87
neoscrypt.eu.mine.zergpool.com,141.95.55.97
neoscrypt.eu.mine.zpool.ca,188.165.24.209
neoscrypt.eu.nicehash.com,34.111.146.87
neoscrypt.eu1.unimining.net,54.36.45.67
neoscrypt.hk.nicehash.com,34.111.146.87
neoscrypt.in.nicehash.com,34.111.146.87
neoscrypt.jp.mine.zpool.ca,198.50.168.213
neoscrypt.jp.nicehash.com,34.111.146.87
neoscrypt.mine.ahashpool.com,3.64.163.50
neoscrypt.mine.blazepool.com,3.64.163.50
neoscrypt.mine.zergpool.com,103.249.70.7
neoscrypt.mining-dutch.nl,51.178.75.42
neoscrypt.na.mine.zpool.ca,198.50.168.213
neoscrypt.sea.mine.zpool.ca,198.50.168.213
neoscrypt.usa.nicehash.com,34.111.146.87
nicehash.com,34.96.85.230
nilu-eu.upool.in,199.59.243.223
nilu-us.upool.in,199.59.243.223
nilu.minerpool.net,213.32.53.172
nimiq-trm.icemining.ca,18.196.209.223
nimiq.icemining.ca,172.67.71.15
nist5.asia.mine.zergpool.com,103.249.70.7
nist5.eu.mine.zpool.ca,188.165.24.209
nist5.jp.mine.zpool.ca,198.50.168.213
nist5.mine.zergpool.com,103.249.70.7
nist5.na.mine.zpool.ca,198.50.168.213
nl.stratu.ms,134.209.82.176
nlpool.nl,104.21.14.24
nodepow.com,38.40.207.240
noncepool.com,157.230.65.129
nuko.minerpool.net,213.32.53.184
nuko.mofumofu.me,89.233.108.160
odocrypt.asia.mine.zergpool.com,51.79.251.11
odocrypt.eu.mine.zpool.ca,188.165.24.209
odocrypt.mine.zergpool.com,103.249.70.7
odocrypt.mine.zpool.ca,198.50.168.213
odocrypt.mining-dutch.nl,51.178.75.42
omb.pool-pay.com,144.76.173.210
p2p-spb.xyz,5.188.104.245
p2p-usa.xyz,66.151.242.154
padihash.eu.mine.zpool.ca,188.165.24.209
pasl.fairpool.xyz,23.82.12.34
pavhash.mooo.com,76.146.208.10
pawelhash.eu.mine.zpool.ca,188.165.24.209
perkle-pool.esprezzo.io,54.144.7.146
persianmine.com,3.64.163.50
pgc.minerpool.net,46.105.132.11
phi.asia.mine.zergpool.com,51.79.251.11
phi.eu.mine.zpool.ca,188.165.24.209
phi.jp.mine.zpool.ca,198.50.168.213
phi.mine.zergpool.com,103.249.70.7
phi.na.mine.zpool.ca,198.50.168.213
phi2.eu.mine.zpool.ca,188.165.24.209
phi2.jp.mine.zpool.ca,198.50.168.213
phi2.mine.ahashpool.com,3.64.163.50
phi2.mining-dutch.nl,51.178.179.75
phi2.na.mine.zpool.ca,198.50.168.213
pirl-solo.wattpool.net,192.99.244.228
pirl.2miners.com,162.19.139.182
pirl.coinminer.space,213.136.76.42
pirl.pool.sexy,159.69.56.113
plpool.org,198.13.46.7
polytimos.eu.mine.zpool.ca,188.165.24.209
polytimos.jp.mine.zpool.ca,198.50.168.213
polytimos.na.mine.zpool.ca,198.50.168.213
pool-eu.ethosdistro.com,51.68.137.66
pool-usa.ethosdistro.com,192.99.69.170
pool.0cash.org,127.0.0.1
pool.572133.club,195.201.107.113
pool.acemining.co,172.67.128.43
pool.aionmine.org,144.76.40.59
pool.bibop.net,172.67.180.33
pool.bitcoinote.org,35.177.186.29
pool.blocpal.com,35.183.135.32
pool.bsod.pw,77.87.212.10
pool.btcp.network,104.21.6.65
pool.callistopool.org,81.171.22.5
pool.ckpool.org,51.81.56.15
pool.cryptopay.org.za,157.245.174.176
pool.cryptopros.us,40.76.46.77
pool.dgb256.online,217.182.84.205
pool.egem.io,209.145.54.96
pool.ehpro.ca,149.56.17.133
pool.electroneropulse.org,104.21.89.146
pool.erstweal.com,64.111.98.21
pool.esn.today,115.68.110.213
pool.expanse.tech,107.170.255.60
pool.hashvault.pro,95.179.241.203
pool.helpico.tech,104.21.12.199
pool.italo.network,104.251.217.80
pool.joys.digital,3.72.140.173
pool.krb.fairhash.org,144.76.172.246
pool.lanacoin.com,193.164.140.163
pool.mangocoin.online,95.217.153.70
pool.minerall.io,168.119.64.215
pool.monerov.online,64.190.63.111
pool.ms,104.26.7.90
pool.myminers.org,89.163.148.73
pool.nashcash.net,173.212.217.104
pool.peopleland.net,213.239.195.185
pool.pexaproject.com,174.138.55.214
pool.pigeoncoin.org,138.68.75.8
pool.pirl.network,149.5.28.42
pool.qpool.net,54.203.168.137
pool.qwertycoin.org,95.216.221.239
pool.rwinfo.club,23.101.70.187
pool.ryo-currency.com,185.134.22.134
pool.sprintpay.net,80.96.79.148
pool.supportxmr.com,141.94.96.195
pool.swampcoin.tech,207.244.227.239
pool.swampthing.net,67.166.253.246
pool.talleo.org,138.201.154.252
pool.tecracoin.io,198.251.84.52
pool.tube.fairhash.org,95.217.106.182
pool.wattum.io,172.67.145.68
pool.xmc.fairhash.org,5.9.5.150
pool.xwp.one,89.31.143.1
pool.zelerius.org,104.21.76.85
pool.zls.fairhash.org,5.9.82.70
poolparty.cryptopay.org.za,157.245.174.176
power2b.asia.mine.zergpool.com,51.79.251.11
power2b.eu.mine.zergpool.com,141.95.55.97
power2b.eu.mine.zpool.ca,188.165.24.209
power2b.mine.zergpool.com,103.249.70.7
powerpool.money,159.89.177.213
pps-etc-eu.adaminers.com,69.16.231.58
pps-eth-eu.adaminers.com,69.16.231.58
profit.pool.bitcoin.com,47.91.73.17
prohashing.com,172.67.189.225
prominingpool.co.uk,78.105.15.11
proxy.pool.whalesburg.com,127.0.0.1
proxy.prohashing.com,50.220.121.211
qkc.ontopool.com,116.203.214.61
qrl-us.leafpool.com,173.254.207.155
qrl.herominers.com,141.95.126.31
qrl.miningocean.org,217.182.169.140
quark.asia.mine.zergpool.com,51.79.251.11
quark.eu.mine.zpool.ca,188.165.24.209
quark.eu.nicehash.com,34.111.156.8
quark.hk.nicehash.com,34.111.156.8
quark.jp.mine.zpool.ca,198.50.168.213
quark.mine.zergpool.com,103.249.70.7
quark.mining-dutch.nl,51.178.75.42
quark.na.mine.zpool.ca,198.50.168.213
quark.usa.nicehash.com,34.111.156.8
qubit.asia.mine.zergpool.com,103.249.70.7
qubit.br.nicehash.com,34.111.204.196
qubit.eu.mine.zpool.ca,188.165.24.209
qubit.eu.nicehash.com,34.111.204.196
qubit.hk.nicehash.com,34.111.204.196
qubit.in.nicehash.com,34.111.204.196
qubit.jp.mine.zpool.ca,198.50.168.213
qubit.jp.nicehash.com,34.111.204.196
qubit.mine.zergpool.com,103.249.70.7
qubit.mining-dutch.nl,51.178.75.42
qubit.na.mine.zpool.ca,198.50.168.213
qubit.usa.nicehash.com,34.111.204.196
randomarq.asia.mine.zergpool.com,51.79.251.11
randomarq.mine.zergpool.com,103.249.70.7
randomsfx.asia.mine.zergpool.com,51.79.251.11
randomsfx.eu.mine.zergpool.com,141.95.55.97
randomsfx.mine.zergpool.com,103.249.70.7
randomx.eu.mine.zergpool.com,141.95.55.97
randomx.mine.zergpool.com,103.249.70.7
randomx.na.mine.zergpool.com,149.56.111.148
randomxmonero.br.nicehash.com,34.149.22.228
randomxmonero.eu.nicehash.com,34.149.22.228
randomxmonero.hk.nicehash.com,34.149.22.228
randomxmonero.in.nicehash.com,34.149.22.228
randomxmonero.jp.nicehash.com,34.149.22.228
randomxmonero.usa.nicehash.com,34.149.22.228
raven.f2pool.com,172.65.250.99
ravencoin-us.mintpond.com,144.217.48.60
ravencoin.flypool.org,104.21.19.252
ravencoin.mintpond.com,51.38.208.118
ravenminer.com,104.26.0.4
reosc.digipools.org,45.43.30.3
reosc.wattpool.net,51.75.65.25
rfv2.na.mine.zpool.ca,198.50.168.213
ric.suprnova.cc,5.9.193.21
roi.suprnova.cc,217.182.199.85
rto.pool-pay.com,213.133.111.29
ru-etc.hiveon.net,172.65.222.14
ru-eth.hiveon.net,34.90.112.127
ru.bsod.pw,77.87.212.10
ru.gos.cx,217.107.104.150
ru.hashrent.pro,194.67.97.53
rustpool.xyz,54.202.39.18
rvn-us.coinblockers.com,103.214.5.103
rvn.2miners.com,51.89.99.172
rvn.antpool.com,8.218.23.120
rvn.hashcity.org,138.201.198.155
rvn.suprnova.cc,5.39.65.109
rx.unmineable.com,138.68.130.209
ryo-eu.leafpool.com,5.2.65.14
ryo.bohemianpool.com,80.211.206.105
ryo.miner.rocks,188.165.198.144
ryopool.cryptosewer.com,45.32.202.161
s-eu.comining.io,159.253.18.31
s-jp.comining.io,51.79.254.82
s-ru.comining.io,5.188.28.220
s-sg.comining.io,51.79.254.82
s-us.comining.io,104.238.146.55
s.comining.io,5.188.28.220
sandbox.pool.ms,104.26.6.90
sc-eu.luxor.tech,35.202.11.182
sc-us.luxor.tech,35.202.11.182
sc.f2pool.com,8.218.67.114
sc.luxor.tech,34.107.131.38
scala.herominers.com,141.95.126.31
scp-eu.luxor.tech,35.202.11.182
scp-us.luxor.tech,35.202.11.182
scrypt-ld.eu.mine.zpool.ca,188.165.24.209
scrypt-ld.jp.mine.zpool.ca,198.50.168.213
scrypt-ld.na.mine.zpool.ca,198.50.168.213
scrypt.asia.mine.zergpool.com,51.79.251.11
scrypt.br.nicehash.com,34.111.31.28
scrypt.eu.mine.zergpool.com,141.95.55.97
scrypt.eu.mine.zpool.ca,198.50.168.213
scrypt.eu.nicehash.com,34.111.31.28
scrypt.hk.nicehash.com,34.111.31.28
scrypt.in.nicehash.com,34.111.31.28
scrypt.jp.mine.zpool.ca,198.50.168.213
scrypt.jp.nicehash.com,34.111.31.28
scrypt.mine.zergpool.com,103.249.70.7
scrypt.mining-dutch.nl,54.38.64.46
scrypt.na.mine.zergpool.com,149.56.111.148
scrypt.na.mine.zpool.ca,198.50.168.213
scrypt.sea.mine.zpool.ca,198.50.168.213
scrypt.usa.nicehash.com,34.111.31.28
scryptn2.eu.mine.zergpool.com,141.95.55.97
scryptn2.mine.zergpool.com,103.249.70.7
sero.f2pool.com,39.104.68.126
seu-eth.hiveon.net,34.90.112.127
sfx.pool-pay.com,213.239.211.209
sg-zil.rustpool.xyz,52.77.48.7
sg.haven.herominers.com,141.95.126.31
sg.haven.miner.rocks,139.99.9.184
sg.qrl.herominers.com,141.95.126.31
sg.stratu.ms,128.199.157.196
sg.stratum.slushpool.com,178.128.223.211
sha256-ld.eu.mine.zpool.ca,188.165.24.209
sha256-ld.jp.mine.zpool.ca,198.50.168.213
sha256-ld.na.mine.zpool.ca,198.50.168.213
sha256.antpool.com,47.90.166.97
sha256.asia.mine.zergpool.com,51.79.251.11
sha256.br.nicehash.com,34.111.151.233
sha256.eu.mine.zpool.ca,188.165.24.209
sha256.eu.nicehash.com,34.111.151.233
sha256.hk.nicehash.com,34.111.151.233
sha256.in.nicehash.com,34.111.151.233
sha256.jp.mine.zpool.ca,198.50.168.213
sha256.jp.nicehash.com,34.111.151.233
sha256.mine.zergpool.com,103.249.70.7
sha256.mining-dutch.nl,54.38.64.112
sha256.na.mine.zergpool.com,149.56.111.148
sha256.na.mine.zpool.ca,198.50.168.213
sha256.poolbinance.com,99.83.184.202
sha256.usa.nicehash.com,34.111.151.233
sha256asicboost.br.nicehash.com,130.211.20.161
sha256asicboost.eu.nicehash.com,130.211.20.161
sha256asicboost.hk.nicehash.com,130.211.20.161
sha256asicboost.in.nicehash.com,130.211.20.161
sha256asicboost.jp.nicehash.com,130.211.20.161
sha256asicboost.usa.nicehash.com,130.211.20.161
sha256t.eu.mine.zpool.ca,188.165.24.209
sha256t.jp.mine.zpool.ca,198.50.168.213
sha256t.na.mine.zpool.ca,198.50.168.213
sha3d.mine.zergpool.com,103.249.70.7
sha3d.mine.zpool.ca,198.50.168.213
shpool.net,104.21.3.141
sib.asia.mine.zergpool.com,51.79.251.11
sib.eu.mine.zpool.ca,188.165.24.209
sib.jp.mine.zpool.ca,198.50.168.213
sib.mine.zergpool.com,103.249.70.7
sib.na.mine.zpool.ca,198.50.168.213
sib.suprnova.cc,217.182.138.181
singapore01.hashvault.pro,131.153.76.130
sipc.simpool.vip,118.31.45.65
siriuspool.net,43.249.79.16
skein.asia.mine.zergpool.com,51.79.251.11
skein.eu.mine.zergpool.com,141.95.55.97
skein.eu.mine.zpool.ca,188.165.24.209
skein.jp.mine.zpool.ca,198.50.168.213
skein.mine.ahashpool.com,3.64.163.50
skein.mine.zergpool.com,103.249.70.7
skein.mine.zpool.ca,198.50.168.213
skein.mining-dutch.nl,51.178.75.42
skein.na.mine.zpool.ca,198.50.168.213
skein.sea.mine.zpool.ca,198.50.168.213
skein2.eu.mine.zpool.ca,188.165.24.209
skein2.mine.zergpool.com,103.249.70.7
skein2.na.mine.zpool.ca,198.50.168.213
skunk.eu.mine.zpool.ca,188.165.24.209
skunk.jp.mine.zpool.ca,198.50.168.213
skunk.na.mine.zpool.ca,198.50.168.213
soil.pool.sexy,148.251.90.69
solo-ae.2miners.com,162.19.139.120
solo-beam.2miners.com,162.19.139.120
solo-btcz.2miners.com,162.19.139.120
solo-btg.2miners.com,162.19.139.182
solo-clo.2miners.com,162.19.139.120
solo-ctxc.2miners.com,162.19.139.181
solo-dbix.2miners.com,162.19.139.182
solo-etc.2miners.com,141.95.34.186
solo-etc.altpool.pro,37.187.226.146
solo-eth.2miners.com,51.195.88.16
solo-etho.coolpool.top,89.232.109.242
solo-etp.2miners.com,162.19.139.181
solo-exp.2miners.com,162.19.139.119
solo-grin.2miners.com,162.19.139.184
solo-mwc.2miners.com,162.19.139.120
solo-nilu.coolpool.top,89.232.109.242
solo-pirl.2miners.com,162.19.139.119
solo-rvn.2miners.com,51.89.99.172
solo-ubq.altpool.pro,37.187.226.146
solo-xmr.2miners.com,162.19.139.184
solo-xzc.2miners.com,162.19.139.182
solo-zcl.2miners.com,162.19.139.181
solo-zec.2miners.com,162.19.139.182
solo-zel.2miners.com,162.19.139.181
solo.antpool.com,172.65.220.229
solo.ckpool.org,51.81.56.15
solo.clopool.pro,150.95.255.38
sonoa.asia.mine.zergpool.com,51.79.251.11
sonoa.eu.mine.zpool.ca,188.165.24.209
sonoa.jp.mine.zpool.ca,198.50.168.213
sonoa.mine.zergpool.com,103.249.70.7
sonoa.na.mine.zpool.ca,198.50.168.213
spookypool.nl,15.197.130.221
ss.antpool.com,172.65.202.87
ss.bfcpool.com,62.234.23.78
stellite.ingest-asia.cryptoknight.cc,69.16.230.42
stellite.ingest.cryptoknight.cc,69.16.230.42
stratum-asia.rplant.xyz,51.79.177.216
stratum-btm.antpool.com,47.106.38.147
stratum-dash.antpool.com,8.214.35.39
stratum-etc.antpool.com,172.65.199.150
stratum-eu.rplant.xyz,141.94.192.217
stratum-ltc.antpool.com,172.65.205.30
stratum-na.rplant.xyz,51.161.117.115
stratum-ravencoin.flypool.org,35.244.156.231
stratum-ru.rplant.xyz,146.59.217.34
stratum-sc.antpool.com,47.106.46.162
stratum-xmc.antpool.com,47.115.41.163
stratum-zec.antpool.com,8.214.12.176
stratum.aikapool.com,37.26.136.250
stratum.aionmine.org,144.76.40.59
stratum.antpool.com,172.65.209.66
stratum.bcmonster.com,71.88.207.47
stratum.coinminerz.com,135.125.236.147
stratum.cudopool.com,51.89.64.33
stratum.f2pool.com,172.65.228.175
stratum.gpuhot.com,142.234.25.178
stratum.happypool.co,46.101.218.239
stratum.icemining.ca,8.9.31.244
stratum.kano.is,149.28.75.193
stratum.mecrypto.club,209.145.55.172
stratum.miner-world.com,104.0.10.125
stratum.my2coins.com,142.44.193.168
stratum.naw.warihash.com,165.227.2.196
stratum.okpool.me,18.163.169.177
stratum.piratepool.io,178.63.77.56
stratum.pool.bitgrin.dev,104.199.10.245
stratum.ravenminer.com,116.202.110.85
stratum.sephira.co,52.138.8.115
stratum.slushpool.com,45.55.41.36
stratum.solomining.io,51.89.118.3
stratum.spaceworks.co,167.172.39.135
stratum.thecoin.pw,75.2.81.212
stratum.us2mine.com,70.117.210.57
stratum.yiimp.bobbpool.be,88.99.224.82
stratum.youcrazy.me,139.99.133.242
stratum.yourpool.org,80.241.222.199
stratum.zel.cash,95.216.172.217
stratum1.hashcryptos.com,51.178.75.42
stratum3.hashcryptos.com,51.178.75.42
stratum4.hashcryptos.com,51.178.179.75
sumo.ss.dxpool.com,35.76.39.213
sumokoin.miner.rocks,188.165.198.144
supportxmr.com,54.38.33.16
swap.gxn-miningpool.com,76.140.45.154
swap.ingest.cryptoknight.cc,69.16.230.42
swap.miningocean.org,54.36.98.147
swap2.luckypool.io,141.94.143.236
tbdice.org,104.21.55.62
texas.us.rvn.minermore.com,144.202.73.210
timetravel.eu.mine.zpool.ca,188.165.24.209
timetravel.jp.mine.zpool.ca,198.50.168.213
timetravel.na.mine.zpool.ca,198.50.168.213
tlo.cryptonote.club,5.189.189.199
tneoscrypt.na.mine.zpool.ca,198.50.168.213
tokenminingpool.com,104.21.23.209
trexmining.com,3.140.13.188
tribus.asia.mine.zergpool.com,51.79.251.11
tribus.eu.mine.zpool.ca,188.165.24.209
tribus.jp.mine.zpool.ca,198.50.168.213
tribus.mine.ahashpool.com,3.64.163.50
tribus.mine.blazepool.com,3.64.163.50
tribus.mine.zergpool.com,103.249.70.7
tribus.mining-dutch.nl,51.178.179.75
tribus.na.mine.zpool.ca,198.50.168.213
trtl.pool.mine2gether.com,138.201.129.138
tsf.europool.me,185.53.178.10
tube.ingest.cryptoknight.cc,69.16.230.42
tube.steadyhash.org,147.135.1.163
tube4.luckypool.io,141.94.143.236
tw.sparkpool.com,104.199.226.144
ua-mining.com,109.108.71.107
ubiq.suprnova.cc,37.187.146.34
ubiq.wattpool.net,144.217.81.198
ubq.altpool.pro,37.187.226.146
uk.stratu.ms,134.209.177.184
ukpool.electronero.org,161.97.121.104
ukpool.electroneropulse.org,104.21.89.146
upx.miningocean.org,54.36.98.147
upxpool.com,34.102.136.180
us-ae.2miners.com,162.19.139.120
us-beam.2miners.com,135.148.55.16
us-btg.2miners.com,147.135.11.134
us-central.2acoin.org,45.76.232.71
us-central01.miningrigrentals.com,45.76.227.84
us-ckb.2miners.com,135.148.55.16
us-clo.2miners.com,162.19.139.120
us-east-stratum.grinmint.com,52.55.56.125
us-east.crazypool.org,149.28.117.96
us-east.cryptonight-hub.miningpoolhub.com,66.42.40.195
us-east.equihash-hub.miningpoolhub.com,45.77.150.66
us-east.ethash-hub.miningpoolhub.com,45.77.150.66
us-east.ezil.me,51.81.93.163
us-east.kawpow-hub.miningpoolhub.com,45.77.150.66
us-east.lyra2z-hub.miningpoolhub.com,45.77.150.66
us-east.randomx-hub.miningpoolhub.com,66.42.40.195
us-east.siamining.com,45.79.188.191
us-east.stratum.grin-pool.org,185.53.177.52
us-east.stratum.slushpool.com,64.225.62.255
us-east01.miningrigrentals.com,104.131.104.33
us-etc.2miners.com,51.81.185.231
us-eth.2miners.com,51.195.88.15
us-exp.2miners.com,162.19.139.119
us-grin.2miners.com,162.19.139.184
us-nw01.miningrigrentals.com,104.238.153.219
us-rvn.2miners.com,135.148.55.16
us-solo-ae.2miners.com,162.19.139.120
us-solo-beam.2miners.com,135.148.55.16
us-solo-btg.2miners.com,135.148.55.16
us-solo-clo.2miners.com,162.19.139.120
us-solo-etc.2miners.com,51.81.185.231
us-solo-eth.2miners.com,51.195.88.16
us-solo-etp.2miners.com,162.19.139.181
us-solo-exp.2miners.com,162.19.139.119
us-solo-grin.2miners.com,162.19.139.184
us-solo-rvn.2miners.com,135.148.55.16
us-solo-xzc.2miners.com,51.81.185.231
us-solo-zec.2miners.com,135.148.55.16
us-solo-zen.2miners.com,147.135.11.134
us-west.crazypool.org,149.28.117.96
us-west.ezil.me,51.81.245.162
us-west.siamining.com,50.116.14.37
us-west01.miningrigrentals.com,138.197.204.233
us-xzc.2miners.com,51.81.185.231
us-zec.2miners.com,147.135.11.134
us-zel.zellabs.net,95.216.172.217
us-zen.2miners.com,147.135.11.134
us-zil.rustpool.xyz,34.223.123.55
us.0769.it,51.89.124.200
us.bsod.pw,77.87.212.10
us.btgpool.pro,138.197.16.33
us.bytecoin-pool.org,62.210.92.159
us.emcd.io,5.161.198.49
us.equihub.pro,65.108.45.36
us.fastpool.xyz,207.244.240.82
us.frostypool.com,144.217.81.21
us.gos.cx,217.107.104.150
us.litecoinpool.org,104.236.57.24
us.mining.bit.tube,185.82.20.213
us.miningfield.com,104.21.25.233
us.nimpool.io,18.188.59.33
us.pool.ms,167.71.240.6
us.ravenminer.com,5.161.149.184
us.rig.tokyo,144.202.70.19
us.rito.minermore.com,149.28.243.131
us.rvn.minermore.com,104.156.227.248
us.ss.btc.com,172.65.236.221
us.stratu.ms,157.245.218.222
us.ubiqpool.io,134.209.34.116
us1-beam.flypool.org,34.102.152.90
us1-etc.ethermine.org,54.36.60.204
us1-zil.shardpool.io,15.197.143.18
us1.fairpool.pro,192.157.56.142
us1.hellominer.com,52.224.9.152
us1.stratu.ms,157.245.183.239
us1.zhash.pro,207.244.251.151
us2-zil.rustpool.xyz,3.20.46.49
us2.litecoinpool.org,23.92.25.116
us2mine.com,70.117.210.57
usa-west.dgb256.online,147.135.76.240
uspool.electroneropulse.org,172.67.160.223
vdl.raptorpool.org,45.136.28.221
vegas-backup.xmrpool.net,141.94.96.144
veil-eu.coinblockers.com,103.214.5.103
veil-us.coinblockers.com,103.214.5.103
veil.suprnova.cc,145.239.0.50
vertcoin.hashalot.net,168.235.70.129
verushash.asia.mine.zergpool.com,51.79.251.11
verushash.eu.mine.zergpool.com,141.95.55.97
verushash.mine.zergpool.com,103.249.70.7
verushash.na.mine.zergpool.com,149.56.111.148
viabtc.com,104.18.5.83
viabtc.net,104.18.16.216
vidulum.dapool.io,198.100.144.29
vrsc.ginasismining.com,212.32.237.91
vtc.suprnova.cc,145.239.0.126
vvpool.com,203.107.43.165
webmng.semipool.com,172.67.181.237
webwxtc.semipool.com,172.67.181.237
west.us.rvn.minermore.com,45.32.132.86
wownero.ingest.cryptoknight.cc,69.16.230.42
www.eelpool.com,91.195.240.94
www.mineit.io,3.64.163.50
x11.asia.mine.zergpool.com,51.79.251.11
x11.br.nicehash.com,34.111.231.234
x11.eu.mine.zergpool.com,141.95.55.97
x11.eu.mine.zpool.ca,188.165.24.209
x11.eu.nicehash.com,34.111.231.234
x11.hk.nicehash.com,34.111.231.234
x11.in.nicehash.com,34.111.231.234
x11.jp.mine.zpool.ca,198.50.168.213
x11.jp.nicehash.com,34.111.231.234
x11.mine.ahashpool.com,3.64.163.50
x11.mine.blazepool.com,3.64.163.50
x11.mine.zergpool.com,103.249.70.7
x11.mine.zpool.ca,198.50.168.213
x11.mining-dutch.nl,51.178.75.42
x11.na.mine.zpool.ca,198.50.168.213
x11.sea.mine.zpool.ca,198.50.168.213
x11.usa.nicehash.com,34.111.231.234
x11evo.eu.mine.zpool.ca,188.165.24.209
x11evo.jp.mine.zpool.ca,198.50.168.213
x11evo.na.mine.zpool.ca,198.50.168.213
x11gost.mining-dutch.nl,54.38.64.46
x13.asia.mine.zergpool.com,51.79.251.11
x13.br.nicehash.com,34.111.14.184
x13.eu.mine.zpool.ca,188.165.24.209
x13.eu.nicehash.com,34.111.14.184
x13.hk.nicehash.com,34.111.14.184
x13.in.nicehash.com,34.111.14.184
x13.jp.mine.zpool.ca,198.50.168.213
x13.jp.nicehash.com,34.111.14.184
x13.mine.zergpool.com,103.249.70.7
x13.na.mine.zpool.ca,198.50.168.213
x13.usa.nicehash.com,34.111.14.184
x15.eu.mine.zpool.ca,188.165.24.209
x15.jp.mine.zpool.ca,198.50.168.213
x15.na.mine.zpool.ca,198.50.168.213
x16r.asia.mine.zergpool.com,51.79.251.11
x16r.br.nicehash.com,35.186.193.182
x16r.eu.mine.zergpool.com,141.95.55.97
x16r.eu.mine.zpool.ca,188.165.24.209
x16r.eu.nicehash.com,35.186.193.182
x16r.hk.nicehash.com,35.186.193.182
x16r.in.nicehash.com,35.186.193.182
x16r.jp.mine.zpool.ca,198.50.168.213
x16r.jp.nicehash.com,35.186.193.182
x16r.mine.ahashpool.com,3.64.163.50
x16r.mine.blazepool.com,3.64.163.50
x16r.mine.zergpool.com,103.249.70.7
x16r.na.mine.zergpool.com,149.56.111.148
x16r.na.mine.zpool.ca,198.50.168.213
x16r.sea.mine.zpool.ca,198.50.168.213
x16r.usa.nicehash.com,35.186.193.182
x16rt.asia.mine.zergpool.com,51.79.251.11
x16rt.eu.mine.zpool.ca,188.165.24.209
x16rt.mine.zergpool.com,103.249.70.7
x16rt.na.mine.zpool.ca,198.50.168.213
x16rv2.asia.mine.zergpool.com,51.79.251.11
x16rv2.br.nicehash.com,34.111.213.200
x16rv2.eu.mine.zpool.ca,188.165.24.209
x16rv2.eu.nicehash.com,34.111.213.200
x16rv2.hk.nicehash.com,34.111.213.200
x16rv2.in.nicehash.com,34.111.213.200
x16rv2.jp.mine.zpool.ca,198.50.168.213
x16rv2.jp.nicehash.com,34.111.213.200
x16rv2.mine.zergpool.com,103.249.70.7
x16rv2.na.mine.zpool.ca,198.50.168.213
x16rv2.sea.mine.zpool.ca,198.50.168.213
x16rv2.tron-mining.com,178.62.28.102
x16rv2.usa.nicehash.com,34.111.213.200
x16s.asia.mine.zergpool.com,51.79.251.11
x16s.eu.mine.zpool.ca,188.165.24.209
x16s.jp.mine.zpool.ca,198.50.168.213
x16s.mine.zergpool.com,103.249.70.7
x16s.na.mine.zpool.ca,198.50.168.213
x16s.sea.mine.zpool.ca,198.50.168.213
x17.asia.mine.zergpool.com,51.79.251.11
x17.eu.mine.zpool.ca,188.165.24.209
x17.jp.mine.zpool.ca,198.50.168.213
x17.mine.zergpool.com,103.249.70.7
x17.na.mine.zpool.ca,198.50.168.213
x21s.asia.mine.zergpool.com,51.79.251.11
x21s.eu.mine.zpool.ca,188.165.24.209
x21s.mine.zergpool.com,103.249.70.7
x21s.na.mine.zpool.ca,198.50.168.213
x22i.eu.mine.zpool.ca,188.165.24.209
x22i.jp.mine.zpool.ca,198.50.168.213
x22i.mine.zergpool.com,103.249.70.7
x22i.na.mine.zpool.ca,198.50.168.213
x25x.asia.mine.zergpool.com,51.79.251.11
x25x.eu.mine.zergpool.com,141.95.55.97
x25x.eu.mine.zpool.ca,188.165.24.209
x25x.mine.zergpool.com,103.249.70.7
x25x.mine.zpool.ca,198.50.168.213
x25x.na.mine.zpool.ca,198.50.168.213
xao.pool.mine2gether.com,138.201.129.138
xcash.steadyhash.org,147.135.1.163
xcn.suprnova.cc,138.201.120.49
xd.frostypool.com,104.21.92.183
xdna.suprnova.cc,217.182.138.181
xeq.blockchainmeup.org,209.160.96.122
xeq.pool-pay.com,144.76.173.210
xerom-eu.upool.in,199.59.243.223
xerom.weeminepool.com,142.44.216.170
xevan.asia.mine.zergpool.com,51.79.251.11
xevan.eu.mine.zergpool.com,141.95.55.97
xevan.eu.mine.zpool.ca,188.165.24.209
xevan.jp.mine.zpool.ca,198.50.168.213
xevan.mine.blazepool.com,3.64.163.50
xevan.mine.zergpool.com,103.249.70.7
xevan.mine.zpool.ca,198.50.168.213
xevan.na.mine.zpool.ca,198.50.168.213
xhvpool.dlinodes.com,207.201.218.150
xk.anomp.com,39.98.207.157
xmc.pool.minergate.com,176.9.16.231
xmr-us.dwarfpool.com,127.0.0.1
xmr.2miners.com,162.19.139.184
xmr.antpool.com,47.106.171.224
xmr.pool.gntl.co.uk,82.69.122.59
xmr.pool.minergate.com,49.12.80.38
xmr.ss.dxpool.com,35.76.39.213
xmrpool.eu,51.89.217.80
xserty.com,104.238.162.100
xsg.altpool.pro,54.38.69.101
xta.pacificpool.ws,64.70.19.203
xta.pool-pay.com,5.9.95.125
xtri.minercountry.com,3.19.116.195
xvg-blake2s.f2pool.com,8.218.63.57
xvg-lyra.f2pool.com,8.218.63.57
xvg-scrypt.f2pool.com,8.218.63.57
xvg-x17.f2pool.com,8.218.63.57
xwp.blockchainmeup.org,209.160.96.119
xzc.2miners.com,162.19.139.182
yescrypt.asia.mine.zergpool.com,51.79.251.11
yescrypt.eu.mine.zergpool.com,141.95.55.97
yescrypt.eu.mine.zpool.ca,198.50.168.213
yescrypt.jp.mine.zpool.ca,198.50.168.213
yescrypt.mine.zergpool.com,103.249.70.7
yescrypt.mine.zpool.ca,198.50.168.213
yescrypt.mining-dutch.nl,51.178.179.75
yescrypt.na.mine.zpool.ca,198.50.168.213
yescrypt.sea.mine.zpool.ca,198.50.168.213
yescryptr16.asia.mine.zergpool.com,51.79.251.11
yescryptr16.eu.mine.zergpool.com,141.95.55.97
yescryptr16.eu.mine.zpool.ca,188.165.24.209
yescryptr16.jp.mine.zpool.ca,198.50.168.213
yescryptr16.mine.zergpool.com,103.249.70.7
yescryptr16.mine.zpool.ca,198.50.168.213
yescryptr16.mining-dutch.nl,51.178.179.75
yescryptr16.na.mine.zpool.ca,198.50.168.213
yescryptr32.asia.mine.zergpool.com,51.79.251.11
yescryptr32.eu.mine.zergpool.com,141.95.55.97
yescryptr32.eu.mine.zpool.ca,188.165.24.209
yescryptr32.jp.mine.zpool.ca,198.50.168.213
yescryptr32.mine.zergpool.com,103.249.70.7
yescryptr32.mining-dutch.nl,51.178.179.75
yescryptr32.na.mine.zpool.ca,198.50.168.213
yescryptr8.eu.mine.zpool.ca,188.165.24.209
yescryptr8.jp.mine.zpool.ca,198.50.168.213
yescryptr8.na.mine.zpool.ca,198.50.168.213
yespower.asia.mine.zergpool.com,51.79.251.11
yespower.eu.mine.zergpool.com,141.95.55.97
yespower.eu.mine.zpool.ca,188.165.24.209
yespower.jp.mine.zpool.ca,198.50.168.213
yespower.mine.zergpool.com,103.249.70.7
yespower.mining-dutch.nl,51.178.179.75
yespower.na.mine.zpool.ca,198.50.168.213
yespowerr16.asia.mine.zergpool.com,51.79.251.11
yespowerr16.eu.mine.zergpool.com,141.95.55.97
yespowerr16.eu.mine.zpool.ca,188.165.24.209
yespowerr16.mine.zergpool.com,103.249.70.7
yespowerr16.mining-dutch.nl,51.178.179.75
yiimp.ccminer.org,127.0.0.9
yoc.2miners.com,162.19.139.120
ytn.suprnova.cc,138.201.120.49
zano.luckypool.io,141.94.143.236
zcl.2miners.com,162.19.139.181
zcl.altpool.pro,54.38.69.101
zcl.suprnova.cc,54.37.81.148
zcoin-eu.mintpond.com,51.38.208.118
zcoin-us.mintpond.com,144.217.48.60
zcoin.dapool.io,198.100.144.29
zcoin.mintpond.com,51.38.208.118
zdash.suprnova.cc,147.135.220.159
zec-eu.luxor.tech,35.202.11.182
zec-us.luxor.tech,35.202.11.182
zec.2miners.com,162.19.139.181
zec.altpool.pro,54.38.69.101
zec.f2pool.com,172.65.252.61
zec.luxor.tech,34.107.209.233
zec.ss.poolin.com,172.65.254.245
zel-eu.coinblockers.com,103.214.5.103
zel.2miners.com,162.19.139.181
zelsolo-us.coinblockers.com,103.214.5.103
zen-eu.luxor.tech,35.202.11.182
zen-us.luxor.tech,35.202.11.182
zen.2miners.com,162.19.139.181
zen.luxor.tech,34.107.238.104
zen.suprnova.cc,104.248.240.136
zencash.f2pool.com,13.228.26.111
zer.equihub.pro,65.108.45.36
zergpool.com,104.26.1.148
zero.suprnova.cc,217.182.199.85
zeropool.io,73.110.151.82
zhash.br.nicehash.com,34.120.90.10
zhash.eu.nicehash.com,34.120.90.10
zhash.hk.nicehash.com,34.120.90.10
zhash.in.nicehash.com,34.120.90.10
zhash.jp.nicehash.com,34.120.90.10
zhash.usa.nicehash.com,34.120.90.10
zil.rustpool.xyz,54.189.173.252
zp-eu.leafpool.com,72.11.134.170
zpool.ca,104.26.10.22
,
test-batch, 111.11.111.111